{"cameraMode":{"drawMode":0,"name":"Shaded","section":"Shading Mode"},"sceneLighting":true,"audioPlay":false,"sceneViewState":{"m_AlwaysRefresh":false,"showFog":true,"showSkybox":true,"showFlares":true,"showImageEffects":true,"showParticleSystems":true,"showVisualEffectGraphs":true,"m_FxEnabled":true},"in2DMode":false,"pivot":{"x":1.033021330833435,"y":-16.69349479675293,"z":0.2588408589363098},"rotation":{"x":0.6326011419296265,"y":-0.0000037707059163949454,"z":-0.000002955990794362151,"w":0.774491548538208},"size":14.496292114257813,"orthographic":false}