{"cameraMode":{"drawMode":0,"name":"Shaded","section":"Shading Mode"},"sceneLighting":true,"audioPlay":false,"sceneViewState":{"m_AlwaysRefresh":false,"showFog":true,"showSkybox":true,"showFlares":true,"showImageEffects":true,"showParticleSystems":true,"showVisualEffectGraphs":true,"m_FxEnabled":true},"in2DMode":false,"pivot":{"x":-125.74420928955078,"y":0.9147268533706665,"z":-3.703366279602051},"rotation":{"x":0.7263326644897461,"y":0.00721616018563509,"z":-0.007626193109899759,"w":0.6873025298118591},"size":6.5002546310424809,"orthographic":true}