{"cameraMode":{"drawMode":0,"name":"Shaded","section":"Shading Mode"},"sceneLighting":true,"audioPlay":false,"sceneViewState":{"m_AlwaysRefresh":false,"showFog":true,"showSkybox":true,"showFlares":true,"showImageEffects":true,"showParticleSystems":true,"showVisualEffectGraphs":true,"m_FxEnabled":true},"in2DMode":false,"pivot":{"x":-16.784814834594728,"y":23.245128631591798,"z":9.821704864501954},"rotation":{"x":0.10320059955120087,"y":0.8266568183898926,"z":-0.5291584134101868,"w":0.16122257709503175},"size":0.9177712202072144,"orthographic":false}