{"cameraMode":{"drawMode":0,"name":"Shaded","section":"Shading Mode"},"sceneLighting":true,"audioPlay":false,"sceneViewState":{"m_AlwaysRefresh":false,"showFog":true,"showSkybox":true,"showFlares":true,"showImageEffects":true,"showParticleSystems":true,"showVisualEffectGraphs":true,"m_FxEnabled":true},"in2DMode":false,"pivot":{"x":0.690721333026886,"y":3.067915916442871,"z":-6.653738021850586},"rotation":{"x":-0.4099567234516144,"y":0.0008290664409287274,"z":-0.00037183170206844807,"w":-0.9121262431144714},"size":1.066178798675537,"orthographic":false}